{"playback_type": "basic", "segment_info": [["BigBuckBunny_2s__init.mp4", 10000000, 350, 0.20172595977783203], ["BigBuckBunny_2s_1_gpac.m4s", 10000000.0, 370, 0.2302868366241455], ["BigBuckBunny_2s_2_gpac.m4s", 10000000.0, 370, 0.2091219425201416], ["BigBuckBunny_2s_3_gpac.m4s", 10000000.0, 370, 0.2777259349822998], ["BigBuckBunny_2s_4_gpac.m4s", 10000000.0, 370, 0.22716784477233887], ["BigBuckBunny_2s_5_gpac.m4s", 10000000.0, 370, 0.10403013229370117], ["BigBuckBunny_2s_6_gpac.m4s", 10000000.0, 370, 0.13156485557556152], ["BigBuckBunny_2s_7_gpac.m4s", 10000000.0, 370, 0.15842294692993164], ["BigBuckBunny_2s_8_gpac.m4s", 10000000.0, 370, 0.11832880973815918], ["BigBuckBunny_2s_9_gpac.m4s", 10000000.0, 370, 0.16013216972351074], ["BigBuckBunny_2s_10_gpac.m4s", 10000000.0, 371, 0.09916400909423828], ["BigBuckBunny_2s_11_gpac.m4s", 10000000.0, 371, 0.20020103454589844], ["BigBuckBunny_2s_12_gpac.m4s", 10000000.0, 371, 0.11240506172180176], ["BigBuckBunny_2s_13_gpac.m4s", 10000000.0, 371, 0.10389113426208496], ["BigBuckBunny_2s_14_gpac.m4s", 10000000.0, 371, 0.13632583618164062], ["BigBuckBunny_2s_15_gpac.m4s", 10000000.0, 371, 0.10457897186279297], ["BigBuckBunny_2s_16_gpac.m4s", 10000000.0, 371, 0.16026902198791504], ["BigBuckBunny_2s_17_gpac.m4s", 10000000.0, 371, 0.12708687782287598], ["BigBuckBunny_2s_18_gpac.m4s", 10000000.0, 371, 0.19045805931091309], ["BigBuckBunny_2s_19_gpac.m4s", 10000000.0, 371, 0.17851901054382324], ["BigBuckBunny_2s_20_gpac.m4s", 10000000.0, 371, 0.19268393516540527], ["BigBuckBunny_2s_21_gpac.m4s", 10000000.0, 371, 0.1487579345703125], ["BigBuckBunny_2s_22_gpac.m4s", 10000000.0, 371, 0.10987401008605957]], "playback_info": {"start_time": null, "down_shifts": 0, "end_time": null, "initial_buffering_duration": null, "interruptions": {"count": 0, "events": [], "total_duration": 0}, "up_shifts": 0}, "video_metadata": {"playback_duration": 632.0, "available_bitrates": [10000000], "mpd_file": "bunny_Desktop-2s10M.mpd"}}